<?xml version="1.0" encoding="UTF-8"?>
<project-private xmlns="http://www.netbeans.org/ns/project-private/1">
    <editor-bookmarks xmlns="http://www.netbeans.org/ns/editor-bookmarks/2" lastBookmarkId="0"/>
    <open-files xmlns="http://www.netbeans.org/ns/projectui-open-files/2">
        <group>
            <file>file:/C:/Users/Helio/Documents/poojava/Lista2/src/br/edu/fatecfranca/ads/ex1/Aluno.java</file>
            <file>file:/C:/Users/Helio/Documents/poojava/Lista2/src/br/edu/fatecfranca/ads/ex1/TestaCliente.java</file>
            <file>file:/C:/Users/Helio/Documents/poojava/Lista2/src/br/edu/fatecfranca/ads/ex1/TestaAluno.java</file>
            <file>file:/C:/Users/Helio/Documents/poojava/Lista2/src/br/edu/fatecfranca/ads/ex1/Cliente.java</file>
        </group>
    </open-files>
</project-private>
