<?xml version="1.0" encoding="UTF-8"?>
<project-private xmlns="http://www.netbeans.org/ns/project-private/1">
    <editor-bookmarks xmlns="http://www.netbeans.org/ns/editor-bookmarks/2" lastBookmarkId="0"/>
    <open-files xmlns="http://www.netbeans.org/ns/projectui-open-files/2">
        <group>
            <file>file:/C:/Users/Helio/Documents/poojava/Lista3/src/br/edu/fatecfranca/ads/exe2/Disciplina.java</file>
            <file>file:/C:/Users/Helio/Documents/poojava/Lista3/src/br/edu/fatecfranca/ads/exe3/Passageiro.java</file>
            <file>file:/C:/Users/Helio/Documents/poojava/Lista3/src/br/edu/fatecfranca/ads/exe2/Teste.java</file>
            <file>file:/C:/Users/Helio/Documents/poojava/Lista3/src/br/edu/fatecfranca/ads/exe3/Teste.java</file>
            <file>file:/C:/Users/Helio/Documents/poojava/Lista3/src/br/edu/fatecfranca/ads/exe3/Onibus.java</file>
            <file>file:/C:/Users/Helio/Documents/poojava/Lista3/src/br/edu/fatecfranca/ads/exe3/Rodoviaria.java</file>
        </group>
    </open-files>
</project-private>
