<?xml version="1.0" encoding="UTF-8"?>
<project-private xmlns="http://www.netbeans.org/ns/project-private/1">
    <editor-bookmarks xmlns="http://www.netbeans.org/ns/editor-bookmarks/2" lastBookmarkId="0"/>
    <open-files xmlns="http://www.netbeans.org/ns/projectui-open-files/2">
        <group>
            <file>file:/C:/Users/Helio/Documents/poojava/Lista3/src/br/edu/fatecfranca/ads/exe1/Reserva.java</file>
            <file>file:/C:/Users/Helio/Documents/poojava/Lista3/src/br/edu/fatecfranca/ads/exe0/Cartao.java</file>
            <file>file:/C:/Users/Helio/Documents/poojava/Lista3/src/br/edu/fatecfranca/ads/exe0/Teste.java</file>
            <file>file:/C:/Users/Helio/Documents/poojava/Lista3/src/br/edu/fatecfranca/ads/exe1/TestaPassageiro.java</file>
            <file>file:/C:/Users/Helio/Documents/poojava/Lista3/src/br/edu/fatecfranca/ads/exe1/Voo.java</file>
            <file>file:/C:/Users/Helio/Documents/poojava/Lista3/src/br/edu/fatecfranca/ads/exe1/Passageiro.java</file>
            <file>file:/C:/Users/Helio/Documents/poojava/Lista3/src/br/edu/fatecfranca/ads/exe0/Conta.java</file>
        </group>
    </open-files>
</project-private>
